Workbook

Sheet Tracker
A1: Freelance Project & Payment Tracker
A2: Fill in the YELLOW columns only. Grey columns compute automatically. Payment Due Date = Project/Event Date + payment terms (from the category in Settings, or your Custom Terms).
A3: Today: | B3: =TODAY() -> 46309
A4: No. | B4: Project / Event | C4: Client | D4: Category | E4: Project / Event Date | F4: Custom Terms (days) optional | G4: Terms Used (days) | H4: Payment Due Date | I4: Amount Billed (₱) | J4: Invoice Sent Date | K4: Amount Received (₱) | L4: Date Paid (latest) | M4: Balance (₱) | N4: Payment Status | O4: Days Left / Overdue | P4: Days to Get Paid | Q4: Notes
A5: 1 | B5: Climate forum emcee (SAMPLE) | C5: Green Futures PH | D5: Event Hosting / Emcee | E5: 46256 | G5: =IF(B5="","",IF(F5<>"",F5,IFERROR(INDEX(Settings!$B$5:$B$24,MATCH(D5,Settings!$A$5:$A$24,0)),Settings!$F$5))) -> 15 | H5: =IF(OR(B5="",E5=""),"",E5+G5) -> 46271 | I5: 15000 | J5: 46257 | K5: 15000 | L5: 46270 | M5: =IF(B5="","",N(I5)-N(K5)) -> 0 | N5: =IF(B5="","",IF(N(I5)=0,"Enter amount",IF(N(K5)>=I5,"Paid",IF(H5="","Enter date",IF(TODAY()>H5,"Overdue",IF(H5-TODAY()<=Settings!$F$6,"Due Soon",IF(N(K5)>0,"Partially Paid","Not Yet Due"))))))) -> Paid | O5: =IF(OR(B5="",H5="",N5="Paid"),"",H5-TODAY()) | P5: =IF(AND(N5="Paid",L5<>"",E5<>""),L5-E5,"") -> 14 | Q5: Sample row — delete or overwrite
A6: 2 | B6: NbS policy brief (SAMPLE) | C6: ABC Foundation | D6: Research / Writing | E6: 46266 | G6: =IF(B6="","",IF(F6<>"",F6,IFERROR(INDEX(Settings!$B$5:$B$24,MATCH(D6,Settings!$A$5:$A$24,0)),Settings!$F$5))) -> 30 | H6: =IF(OR(B6="",E6=""),"",E6+G6) -> 46296 | I6: 60000 | J6: 46267 | K6: 30000 | L6: 46275 | M6: =IF(B6="","",N(I6)-N(K6)) -> 30000 | N6: =IF(B6="","",IF(N(I6)=0,"Enter amount",IF(N(K6)>=I6,"Paid",IF(H6="","Enter date",IF(TODAY()>H6,"Overdue",IF(H6-TODAY()<=Settings!$F$6,"Due Soon",IF(N(K6)>0,"Partially Paid","Not Yet Due"))))))) -> Overdue | O6: =IF(OR(B6="",H6="",N6="Paid"),"",H6-TODAY()) -> -13 | P6: =IF(AND(N6="Paid",L6<>"",E6<>""),L6-E6,"") | Q6: 50% downpayment received — sample
A7: 3 | B7: Resource speaker, LGU training (SAMPLE) | C7: Provincial Gov't | D7: Speaking / Resource Person | E7: 46298 | G7: =IF(B7="","",IF(F7<>"",F7,IFERROR(INDEX(Settings!$B$5:$B$24,MATCH(D7,Settings!$A$5:$A$24,0)),Settings!$F$5))) -> 15 | H7: =IF(OR(B7="",E7=""),"",E7+G7) -> 46313 | I7: 10000 | J7: 46299 | M7: =IF(B7="","",N(I7)-N(K7)) -> 10000 | N7: =IF(B7="","",IF(N(I7)=0,"Enter amount",IF(N(K7)>=I7,"Paid",IF(H7="","Enter date",IF(TODAY()>H7,"Overdue",IF(H7-TODAY()<=Settings!$F$6,"Due Soon",IF(N(K7)>0,"Partially Paid","Not Yet Due"))))))) -> Due Soon | O7: =IF(OR(B7="",H7="",N7="Paid"),"",H7-TODAY()) -> 4 | P7: =IF(AND(N7="Paid",L7<>"",E7<>""),L7-E7,"") | Q7: Sample row — delete or overwrite
A8: 4 | B8: Mangrove restoration advisory (SAMPLE) | C8: XYZ Corp | D8: Consulting / Advisory | E8: 46305 | F8: 45 | G8: =IF(B8="","",IF(F8<>"",F8,IFERROR(INDEX(Settings!$B$5:$B$24,MATCH(D8,Settings!$A$5:$A$24,0)),Settings!$F$5))) -> 45 | H8: =IF(OR(B8="",E8=""),"",E8+G8) -> 46350 | I8: 80000 | M8: =IF(B8="","",N(I8)-N(K8)) -> 80000 | N8: =IF(B8="","",IF(N(I8)=0,"Enter amount",IF(N(K8)>=I8,"Paid",IF(H8="","Enter date",IF(TODAY()>H8,"Overdue",IF(H8-TODAY()<=Settings!$F$6,"Due Soon",IF(N(K8)>0,"Partially Paid","Not Yet Due"))))))) -> Not Yet Due | O8: =IF(OR(B8="",H8="",N8="Paid"),"",H8-TODAY()) -> 41 | P8: =IF(AND(N8="Paid",L8<>"",E8<>""),L8-E8,"") | Q8: Client asked for Net 45 — sample
G9: =IF(B9="","",IF(F9<>"",F9,IFERROR(INDEX(Settings!$B$5:$B$24,MATCH(D9,Settings!$A$5:$A$24,0)),Settings!$F$5))) | H9: =IF(OR(B9="",E9=""),"",E9+G9) | M9: =IF(B9="","",N(I9)-N(K9)) | N9: =IF(B9="","",IF(N(I9)=0,"Enter amount",IF(N(K9)>=I9,"Paid",IF(H9="","Enter date",IF(TODAY()>H9,"Overdue",IF(H9-TODAY()<=Settings!$F$6,"Due Soon",IF(N(K9)>0,"Partially Paid","Not Yet Due"))))))) | O9: =IF(OR(B9="",H9="",N9="Paid"),"",H9-TODAY()) | P9: =IF(AND(N9="Paid",L9<>"",E9<>""),L9-E9,"")
G10: =IF(B10="","",IF(F10<>"",F10,IFERROR(INDEX(Settings!$B$5:$B$24,MATCH(D10,Settings!$A$5:$A$24,0)),Settings!$F$5))) | H10: =IF(OR(B10="",E10=""),"",E10+G10) | M10: =IF(B10="","",N(I10)-N(K10)) | N10: =IF(B10="","",IF(N(I10)=0,"Enter amount",IF(N(K10)>=I10,"Paid",IF(H10="","Enter date",IF(TODAY()>H10,"Overdue",IF(H10-TODAY()<=Settings!$F$6,"Due Soon",IF(N(K10)>0,"Partially Paid","Not Yet Due"))))))) | O10: =IF(OR(B10="",H10="",N10="Paid"),"",H10-TODAY()) | P10: =IF(AND(N10="Paid",L10<>"",E10<>""),L10-E10,"")
G11: =IF(B11="","",IF(F11<>"",F11,IFERROR(INDEX(Settings!$B$5:$B$24,MATCH(D11,Settings!$A$5:$A$24,0)),Settings!$F$5))) | H11: =IF(OR(B11="",E11=""),"",E11+G11) | M11: =IF(B11="","",N(I11)-N(K11)) | N11: =IF(B11="","",IF(N(I11)=0,"Enter amount",IF(N(K11)>=I11,"Paid",IF(H11="","Enter date",IF(TODAY()>H11,"Overdue",IF(H11-TODAY()<=Settings!$F$6,"Due Soon",IF(N(K11)>0,"Partially Paid","Not Yet Due"))))))) | O11: =IF(OR(B11="",H11="",N11="Paid"),"",H11-TODAY()) | P11: =IF(AND(N11="Paid",L11<>"",E11<>""),L11-E11,"")
G12: =IF(B12="","",IF(F12<>"",F12,IFERROR(INDEX(Settings!$B$5:$B$24,MATCH(D12,Settings!$A$5:$A$24,0)),Settings!$F$5))) | H12: =IF(OR(B12="",E12=""),"",E12+G12) | M12: =IF(B12="","",N(I12)-N(K12)) | N12: =IF(B12="","",IF(N(I12)=0,"Enter amount",IF(N(K12)>=I12,"Paid",IF(H12="","Enter date",IF(TODAY()>H12,"Overdue",IF(H12-TODAY()<=Settings!$F$6,"Due Soon",IF(N(K12)>0,"Partially Paid","Not Yet Due"))))))) | O12: =IF(OR(B12="",H12="",N12="Paid"),"",H12-TODAY()) | P12: =IF(AND(N12="Paid",L12<>"",E12<>""),L12-E12,"")
G13: =IF(B13="","",IF(F13<>"",F13,IFERROR(INDEX(Settings!$B$5:$B$24,MATCH(D13,Settings!$A$5:$A$24,0)),Settings!$F$5))) | H13: =IF(OR(B13="",E13=""),"",E13+G13) | M13: =IF(B13="","",N(I13)-N(K13)) | N13: =IF(B13="","",IF(N(I13)=0,"Enter amount",IF(N(K13)>=I13,"Paid",IF(H13="","Enter date",IF(TODAY()>H13,"Overdue",IF(H13-TODAY()<=Settings!$F$6,"Due Soon",IF(N(K13)>0,"Partially Paid","Not Yet Due"))))))) | O13: =IF(OR(B13="",H13="",N13="Paid"),"",H13-TODAY()) | P13: =IF(AND(N13="Paid",L13<>"",E13<>""),L13-E13,"")
G14: =IF(B14="","",IF(F14<>"",F14,IFERROR(INDEX(Settings!$B$5:$B$24,MATCH(D14,Settings!$A$5:$A$24,0)),Settings!$F$5))) | H14: =IF(OR(B14="",E14=""),"",E14+G14) | M14: =IF(B14="","",N(I14)-N(K14)) | N14: =IF(B14="","",IF(N(I14)=0,"Enter amount",IF(N(K14)>=I14,"Paid",IF(H14="","Enter date",IF(TODAY()>H14,"Overdue",IF(H14-TODAY()<=Settings!$F$6,"Due Soon",IF(N(K14)>0,"Partially Paid","Not Yet Due"))))))) | O14: =IF(OR(B14="",H14="",N14="Paid"),"",H14-TODAY()) | P14: =IF(AND(N14="Paid",L14<>"",E14<>""),L14-E14,"")
G15: =IF(B15="","",IF(F15<>"",F15,IFERROR(INDEX(Settings!$B$5:$B$24,MATCH(D15,Settings!$A$5:$A$24,0)),Settings!$F$5))) | H15: =IF(OR(B15="",E15=""),"",E15+G15) | M15: =IF(B15="","",N(I15)-N(K15)) | N15: =IF(B15="","",IF(N(I15)=0,"Enter amount",IF(N(K15)>=I15,"Paid",IF(H15="","Enter date",IF(TODAY()>H15,"Overdue",IF(H15-TODAY()<=Settings!$F$6,"Due Soon",IF(N(K15)>0,"Partially Paid","Not Yet Due"))))))) | O15: =IF(OR(B15="",H15="",N15="Paid"),"",H15-TODAY()) | P15: =IF(AND(N15="Paid",L15<>"",E15<>""),L15-E15,"")
G16: =IF(B16="","",IF(F16<>"",F16,IFERROR(INDEX(Settings!$B$5:$B$24,MATCH(D16,Settings!$A$5:$A$24,0)),Settings!$F$5))) | H16: =IF(OR(B16="",E16=""),"",E16+G16) | M16: =IF(B16="","",N(I16)-N(K16)) | N16: =IF(B16="","",IF(N(I16)=0,"Enter amount",IF(N(K16)>=I16,"Paid",IF(H16="","Enter date",IF(TODAY()>H16,"Overdue",IF(H16-TODAY()<=Settings!$F$6,"Due Soon",IF(N(K16)>0,"Partially Paid","Not Yet Due"))))))) | O16: =IF(OR(B16="",H16="",N16="Paid"),"",H16-TODAY()) | P16: =IF(AND(N16="Paid",L16<>"",E16<>""),L16-E16,"")
G17: =IF(B17="","",IF(F17<>"",F17,IFERROR(INDEX(Settings!$B$5:$B$24,MATCH(D17,Settings!$A$5:$A$24,0)),Settings!$F$5))) | H17: =IF(OR(B17="",E17=""),"",E17+G17) | M17: =IF(B17="","",N(I17)-N(K17)) | N17: =IF(B17="","",IF(N(I17)=0,"Enter amount",IF(N(K17)>=I17,"Paid",IF(H17="","Enter date",IF(TODAY()>H17,"Overdue",IF(H17-TODAY()<=Settings!$F$6,"Due Soon",IF(N(K17)>0,"Partially Paid","Not Yet Due"))))))) | O17: =IF(OR(B17="",H17="",N17="Paid"),"",H17-TODAY()) | P17: =IF(AND(N17="Paid",L17<>"",E17<>""),L17-E17,"")
G18: =IF(B18="","",IF(F18<>"",F18,IFERROR(INDEX(Settings!$B$5:$B$24,MATCH(D18,Settings!$A$5:$A$24,0)),Settings!$F$5))) | H18: =IF(OR(B18="",E18=""),"",E18+G18) | M18: =IF(B18="","",N(I18)-N(K18)) | N18: =IF(B18="","",IF(N(I18)=0,"Enter amount",IF(N(K18)>=I18,"Paid",IF(H18="","Enter date",IF(TODAY()>H18,"Overdue",IF(H18-TODAY()<=Settings!$F$6,"Due Soon",IF(N(K18)>0,"Partially Paid","Not Yet Due"))))))) | O18: =IF(OR(B18="",H18="",N18="Paid"),"",H18-TODAY()) | P18: =IF(AND(N18="Paid",L18<>"",E18<>""),L18-E18,"")
G19: =IF(B19="","",IF(F19<>"",F19,IFERROR(INDEX(Settings!$B$5:$B$24,MATCH(D19,Settings!$A$5:$A$24,0)),Settings!$F$5))) | H19: =IF(OR(B19="",E19=""),"",E19+G19) | M19: =IF(B19="","",N(I19)-N(K19)) | N19: =IF(B19="","",IF(N(I19)=0,"Enter amount",IF(N(K19)>=I19,"Paid",IF(H19="","Enter date",IF(TODAY()>H19,"Overdue",IF(H19-TODAY()<=Settings!$F$6,"Due Soon",IF(N(K19)>0,"Partially Paid","Not Yet Due"))))))) | O19: =IF(OR(B19="",H19="",N19="Paid"),"",H19-TODAY()) | P19: =IF(AND(N19="Paid",L19<>"",E19<>""),L19-E19,"")
G20: =IF(B20="","",IF(F20<>"",F20,IFERROR(INDEX(Settings!$B$5:$B$24,MATCH(D20,Settings!$A$5:$A$24,0)),Settings!$F$5))) | H20: =IF(OR(B20="",E20=""),"",E20+G20) | M20: =IF(B20="","",N(I20)-N(K20)) | N20: =IF(B20="","",IF(N(I20)=0,"Enter amount",IF(N(K20)>=I20,"Paid",IF(H20="","Enter date",IF(TODAY()>H20,"Overdue",IF(H20-TODAY()<=Settings!$F$6,"Due Soon",IF(N(K20)>0,"Partially Paid","Not Yet Due"))))))) | O20: =IF(OR(B20="",H20="",N20="Paid"),"",H20-TODAY()) | P20: =IF(AND(N20="Paid",L20<>"",E20<>""),L20-E20,"")
... G204: =IF(B204="","",IF(F204<>"",F204,IFERROR(INDEX(Settings!$B$5:$B$24,MATCH(D204,Settings!$A$5:$A$24,0)),Settings!$F$5))) | H204: =IF(OR(B204="",E204=""),"",E204+G204) | M204: =IF(B204="","",N(I204)-N(K204)) | N204: =IF(B204="","",IF(N(I204)=0,"Enter amount",IF(N(K204)>=I204,"Paid",IF(H204="","Enter date",IF(TODAY()>H204,"Overdue",IF(H204-TODAY()<=Settings!$F$6,"Due Soon",IF(N(K204)>0,"Partially Paid","Not Yet Due"))))))) | O204: =IF(OR(B204="",H204="",N204="Paid"),"",H204-TODAY()) | P204: =IF(AND(N204="Paid",L204<>"",E204<>""),L204-E204,"")

Sheet Summary
A1: Payment Summary
A2: Everything here is automatic — computed from the Tracker sheet.
A3: As of: | B3: =TODAY() -> 46309
A5: Total Billed | C5: Total Received | E5: Outstanding Balance | G5: Overdue Amount
A6: =SUM(Tracker!$I$5:$I$204) -> 165000 | C6: =SUM(Tracker!$K$5:$K$204) -> 45000 | E6: =SUMIFS(Tracker!$M$5:$M$204,Tracker!$N$5:$N$204,"<>Paid") -> 120000 | G6: =SUMIFS(Tracker!$M$5:$M$204,Tracker!$N$5:$N$204,"Overdue") -> 30000
A9: By Category | J9: By Payment Status
A10: Category | B10: No. of Projects | C10: Billed (₱) | D10: Received (₱) | E10: Outstanding (₱) | F10: Overdue (₱) | G10: No. Overdue | H10: Avg Days to Get Paid | J10: Status | K10: No. of Projects | L10: Balance (₱)
A11: =IF(Settings!$A$5="","",Settings!$A$5) -> Consulting / Advisory | B11: =IF(A11="","",COUNTIFS(Tracker!$D$5:$D$204,A11,Tracker!$B$5:$B$204,"<>")) -> 1 | C11: =IF(A11="","",SUMIFS(Tracker!$I$5:$I$204,Tracker!$D$5:$D$204,A11)) -> 80000 | D11: =IF(A11="","",SUMIFS(Tracker!$K$5:$K$204,Tracker!$D$5:$D$204,A11)) -> 0 | E11: =IF(A11="","",SUMIFS(Tracker!$M$5:$M$204,Tracker!$D$5:$D$204,A11,Tracker!$N$5:$N$204,"<>Paid")) -> 80000 | F11: =IF(A11="","",SUMIFS(Tracker!$M$5:$M$204,Tracker!$D$5:$D$204,A11,Tracker!$N$5:$N$204,"Overdue")) -> 0 | G11: =IF(A11="","",COUNTIFS(Tracker!$D$5:$D$204,A11,Tracker!$N$5:$N$204,"Overdue")) -> 0 | H11: =IF(A11="","",IFERROR(AVERAGEIFS(Tracker!$P$5:$P$204,Tracker!$D$5:$D$204,A11,Tracker!$N$5:$N$204,"Paid"),"-")) -> - | J11: Overdue | K11: =COUNTIFS(Tracker!$N$5:$N$204,J11) -> 1 | L11: =SUMIFS(Tracker!$M$5:$M$204,Tracker!$N$5:$N$204,J11) -> 30000
A12: =IF(Settings!$A$6="","",Settings!$A$6) -> Event Hosting / Emcee | B12: =IF(A12="","",COUNTIFS(Tracker!$D$5:$D$204,A12,Tracker!$B$5:$B$204,"<>")) -> 1 | C12: =IF(A12="","",SUMIFS(Tracker!$I$5:$I$204,Tracker!$D$5:$D$204,A12)) -> 15000 | D12: =IF(A12="","",SUMIFS(Tracker!$K$5:$K$204,Tracker!$D$5:$D$204,A12)) -> 15000 | E12: =IF(A12="","",SUMIFS(Tracker!$M$5:$M$204,Tracker!$D$5:$D$204,A12,Tracker!$N$5:$N$204,"<>Paid")) -> 0 | F12: =IF(A12="","",SUMIFS(Tracker!$M$5:$M$204,Tracker!$D$5:$D$204,A12,Tracker!$N$5:$N$204,"Overdue")) -> 0 | G12: =IF(A12="","",COUNTIFS(Tracker!$D$5:$D$204,A12,Tracker!$N$5:$N$204,"Overdue")) -> 0 | H12: =IF(A12="","",IFERROR(AVERAGEIFS(Tracker!$P$5:$P$204,Tracker!$D$5:$D$204,A12,Tracker!$N$5:$N$204,"Paid"),"-")) -> 14 | J12: Due Soon | K12: =COUNTIFS(Tracker!$N$5:$N$204,J12) -> 1 | L12: =SUMIFS(Tracker!$M$5:$M$204,Tracker!$N$5:$N$204,J12) -> 10000
A13: =IF(Settings!$A$7="","",Settings!$A$7) -> Speaking / Resource Person | B13: =IF(A13="","",COUNTIFS(Tracker!$D$5:$D$204,A13,Tracker!$B$5:$B$204,"<>")) -> 1 | C13: =IF(A13="","",SUMIFS(Tracker!$I$5:$I$204,Tracker!$D$5:$D$204,A13)) -> 10000 | D13: =IF(A13="","",SUMIFS(Tracker!$K$5:$K$204,Tracker!$D$5:$D$204,A13)) -> 0 | E13: =IF(A13="","",SUMIFS(Tracker!$M$5:$M$204,Tracker!$D$5:$D$204,A13,Tracker!$N$5:$N$204,"<>Paid")) -> 10000 | F13: =IF(A13="","",SUMIFS(Tracker!$M$5:$M$204,Tracker!$D$5:$D$204,A13,Tracker!$N$5:$N$204,"Overdue")) -> 0 | G13: =IF(A13="","",COUNTIFS(Tracker!$D$5:$D$204,A13,Tracker!$N$5:$N$204,"Overdue")) -> 0 | H13: =IF(A13="","",IFERROR(AVERAGEIFS(Tracker!$P$5:$P$204,Tracker!$D$5:$D$204,A13,Tracker!$N$5:$N$204,"Paid"),"-")) -> - | J13: Partially Paid | K13: =COUNTIFS(Tracker!$N$5:$N$204,J13) -> 0 | L13: =SUMIFS(Tracker!$M$5:$M$204,Tracker!$N$5:$N$204,J13) -> 0
A14: =IF(Settings!$A$8="","",Settings!$A$8) -> Training / Workshop | B14: =IF(A14="","",COUNTIFS(Tracker!$D$5:$D$204,A14,Tracker!$B$5:$B$204,"<>")) -> 0 | C14: =IF(A14="","",SUMIFS(Tracker!$I$5:$I$204,Tracker!$D$5:$D$204,A14)) -> 0 | D14: =IF(A14="","",SUMIFS(Tracker!$K$5:$K$204,Tracker!$D$5:$D$204,A14)) -> 0 | E14: =IF(A14="","",SUMIFS(Tracker!$M$5:$M$204,Tracker!$D$5:$D$204,A14,Tracker!$N$5:$N$204,"<>Paid")) -> 0 | F14: =IF(A14="","",SUMIFS(Tracker!$M$5:$M$204,Tracker!$D$5:$D$204,A14,Tracker!$N$5:$N$204,"Overdue")) -> 0 | G14: =IF(A14="","",COUNTIFS(Tracker!$D$5:$D$204,A14,Tracker!$N$5:$N$204,"Overdue")) -> 0 | H14: =IF(A14="","",IFERROR(AVERAGEIFS(Tracker!$P$5:$P$204,Tracker!$D$5:$D$204,A14,Tracker!$N$5:$N$204,"Paid"),"-")) -> - | J14: Not Yet Due | K14: =COUNTIFS(Tracker!$N$5:$N$204,J14) -> 1 | L14: =SUMIFS(Tracker!$M$5:$M$204,Tracker!$N$5:$N$204,J14) -> 80000
A15: =IF(Settings!$A$9="","",Settings!$A$9) -> Research / Writing | B15: =IF(A15="","",COUNTIFS(Tracker!$D$5:$D$204,A15,Tracker!$B$5:$B$204,"<>")) -> 1 | C15: =IF(A15="","",SUMIFS(Tracker!$I$5:$I$204,Tracker!$D$5:$D$204,A15)) -> 60000 | D15: =IF(A15="","",SUMIFS(Tracker!$K$5:$K$204,Tracker!$D$5:$D$204,A15)) -> 30000 | E15: =IF(A15="","",SUMIFS(Tracker!$M$5:$M$204,Tracker!$D$5:$D$204,A15,Tracker!$N$5:$N$204,"<>Paid")) -> 30000 | F15: =IF(A15="","",SUMIFS(Tracker!$M$5:$M$204,Tracker!$D$5:$D$204,A15,Tracker!$N$5:$N$204,"Overdue")) -> 30000 | G15: =IF(A15="","",COUNTIFS(Tracker!$D$5:$D$204,A15,Tracker!$N$5:$N$204,"Overdue")) -> 1 | H15: =IF(A15="","",IFERROR(AVERAGEIFS(Tracker!$P$5:$P$204,Tracker!$D$5:$D$204,A15,Tracker!$N$5:$N$204,"Paid"),"-")) -> - | J15: Paid | K15: =COUNTIFS(Tracker!$N$5:$N$204,J15) -> 1 | L15: =SUMIFS(Tracker!$M$5:$M$204,Tracker!$N$5:$N$204,J15) -> 0
A16: =IF(Settings!$A$10="","",Settings!$A$10) -> Design / Creative | B16: =IF(A16="","",COUNTIFS(Tracker!$D$5:$D$204,A16,Tracker!$B$5:$B$204,"<>")) -> 0 | C16: =IF(A16="","",SUMIFS(Tracker!$I$5:$I$204,Tracker!$D$5:$D$204,A16)) -> 0 | D16: =IF(A16="","",SUMIFS(Tracker!$K$5:$K$204,Tracker!$D$5:$D$204,A16)) -> 0 | E16: =IF(A16="","",SUMIFS(Tracker!$M$5:$M$204,Tracker!$D$5:$D$204,A16,Tracker!$N$5:$N$204,"<>Paid")) -> 0 | F16: =IF(A16="","",SUMIFS(Tracker!$M$5:$M$204,Tracker!$D$5:$D$204,A16,Tracker!$N$5:$N$204,"Overdue")) -> 0 | G16: =IF(A16="","",COUNTIFS(Tracker!$D$5:$D$204,A16,Tracker!$N$5:$N$204,"Overdue")) -> 0 | H16: =IF(A16="","",IFERROR(AVERAGEIFS(Tracker!$P$5:$P$204,Tracker!$D$5:$D$204,A16,Tracker!$N$5:$N$204,"Paid"),"-")) -> -
A17: =IF(Settings!$A$11="","",Settings!$A$11) -> Other | B17: =IF(A17="","",COUNTIFS(Tracker!$D$5:$D$204,A17,Tracker!$B$5:$B$204,"<>")) -> 0 | C17: =IF(A17="","",SUMIFS(Tracker!$I$5:$I$204,Tracker!$D$5:$D$204,A17)) -> 0 | D17: =IF(A17="","",SUMIFS(Tracker!$K$5:$K$204,Tracker!$D$5:$D$204,A17)) -> 0 | E17: =IF(A17="","",SUMIFS(Tracker!$M$5:$M$204,Tracker!$D$5:$D$204,A17,Tracker!$N$5:$N$204,"<>Paid")) -> 0 | F17: =IF(A17="","",SUMIFS(Tracker!$M$5:$M$204,Tracker!$D$5:$D$204,A17,Tracker!$N$5:$N$204,"Overdue")) -> 0 | G17: =IF(A17="","",COUNTIFS(Tracker!$D$5:$D$204,A17,Tracker!$N$5:$N$204,"Overdue")) -> 0 | H17: =IF(A17="","",IFERROR(AVERAGEIFS(Tracker!$P$5:$P$204,Tracker!$D$5:$D$204,A17,Tracker!$N$5:$N$204,"Paid"),"-")) -> -
A18: =IF(Settings!$A$12="","",Settings!$A$12) | B18: =IF(A18="","",COUNTIFS(Tracker!$D$5:$D$204,A18,Tracker!$B$5:$B$204,"<>")) | C18: =IF(A18="","",SUMIFS(Tracker!$I$5:$I$204,Tracker!$D$5:$D$204,A18)) | D18: =IF(A18="","",SUMIFS(Tracker!$K$5:$K$204,Tracker!$D$5:$D$204,A18)) | E18: =IF(A18="","",SUMIFS(Tracker!$M$5:$M$204,Tracker!$D$5:$D$204,A18,Tracker!$N$5:$N$204,"<>Paid")) | F18: =IF(A18="","",SUMIFS(Tracker!$M$5:$M$204,Tracker!$D$5:$D$204,A18,Tracker!$N$5:$N$204,"Overdue")) | G18: =IF(A18="","",COUNTIFS(Tracker!$D$5:$D$204,A18,Tracker!$N$5:$N$204,"Overdue")) | H18: =IF(A18="","",IFERROR(AVERAGEIFS(Tracker!$P$5:$P$204,Tracker!$D$5:$D$204,A18,Tracker!$N$5:$N$204,"Paid"),"-"))
A19: =IF(Settings!$A$13="","",Settings!$A$13) | B19: =IF(A19="","",COUNTIFS(Tracker!$D$5:$D$204,A19,Tracker!$B$5:$B$204,"<>")) | C19: =IF(A19="","",SUMIFS(Tracker!$I$5:$I$204,Tracker!$D$5:$D$204,A19)) | D19: =IF(A19="","",SUMIFS(Tracker!$K$5:$K$204,Tracker!$D$5:$D$204,A19)) | E19: =IF(A19="","",SUMIFS(Tracker!$M$5:$M$204,Tracker!$D$5:$D$204,A19,Tracker!$N$5:$N$204,"<>Paid")) | F19: =IF(A19="","",SUMIFS(Tracker!$M$5:$M$204,Tracker!$D$5:$D$204,A19,Tracker!$N$5:$N$204,"Overdue")) | G19: =IF(A19="","",COUNTIFS(Tracker!$D$5:$D$204,A19,Tracker!$N$5:$N$204,"Overdue")) | H19: =IF(A19="","",IFERROR(AVERAGEIFS(Tracker!$P$5:$P$204,Tracker!$D$5:$D$204,A19,Tracker!$N$5:$N$204,"Paid"),"-"))
A20: =IF(Settings!$A$14="","",Settings!$A$14) | B20: =IF(A20="","",COUNTIFS(Tracker!$D$5:$D$204,A20,Tracker!$B$5:$B$204,"<>")) | C20: =IF(A20="","",SUMIFS(Tracker!$I$5:$I$204,Tracker!$D$5:$D$204,A20)) | D20: =IF(A20="","",SUMIFS(Tracker!$K$5:$K$204,Tracker!$D$5:$D$204,A20)) | E20: =IF(A20="","",SUMIFS(Tracker!$M$5:$M$204,Tracker!$D$5:$D$204,A20,Tracker!$N$5:$N$204,"<>Paid")) | F20: =IF(A20="","",SUMIFS(Tracker!$M$5:$M$204,Tracker!$D$5:$D$204,A20,Tracker!$N$5:$N$204,"Overdue")) | G20: =IF(A20="","",COUNTIFS(Tracker!$D$5:$D$204,A20,Tracker!$N$5:$N$204,"Overdue")) | H20: =IF(A20="","",IFERROR(AVERAGEIFS(Tracker!$P$5:$P$204,Tracker!$D$5:$D$204,A20,Tracker!$N$5:$N$204,"Paid"),"-"))
A21: =IF(Settings!$A$15="","",Settings!$A$15) | B21: =IF(A21="","",COUNTIFS(Tracker!$D$5:$D$204,A21,Tracker!$B$5:$B$204,"<>")) | C21: =IF(A21="","",SUMIFS(Tracker!$I$5:$I$204,Tracker!$D$5:$D$204,A21)) | D21: =IF(A21="","",SUMIFS(Tracker!$K$5:$K$204,Tracker!$D$5:$D$204,A21)) | E21: =IF(A21="","",SUMIFS(Tracker!$M$5:$M$204,Tracker!$D$5:$D$204,A21,Tracker!$N$5:$N$204,"<>Paid")) | F21: =IF(A21="","",SUMIFS(Tracker!$M$5:$M$204,Tracker!$D$5:$D$204,A21,Tracker!$N$5:$N$204,"Overdue")) | G21: =IF(A21="","",COUNTIFS(Tracker!$D$5:$D$204,A21,Tracker!$N$5:$N$204,"Overdue")) | H21: =IF(A21="","",IFERROR(AVERAGEIFS(Tracker!$P$5:$P$204,Tracker!$D$5:$D$204,A21,Tracker!$N$5:$N$204,"Paid"),"-"))
A22: =IF(Settings!$A$16="","",Settings!$A$16) | B22: =IF(A22="","",COUNTIFS(Tracker!$D$5:$D$204,A22,Tracker!$B$5:$B$204,"<>")) | C22: =IF(A22="","",SUMIFS(Tracker!$I$5:$I$204,Tracker!$D$5:$D$204,A22)) | D22: =IF(A22="","",SUMIFS(Tracker!$K$5:$K$204,Tracker!$D$5:$D$204,A22)) | E22: =IF(A22="","",SUMIFS(Tracker!$M$5:$M$204,Tracker!$D$5:$D$204,A22,Tracker!$N$5:$N$204,"<>Paid")) | F22: =IF(A22="","",SUMIFS(Tracker!$M$5:$M$204,Tracker!$D$5:$D$204,A22,Tracker!$N$5:$N$204,"Overdue")) | G22: =IF(A22="","",COUNTIFS(Tracker!$D$5:$D$204,A22,Tracker!$N$5:$N$204,"Overdue")) | H22: =IF(A22="","",IFERROR(AVERAGEIFS(Tracker!$P$5:$P$204,Tracker!$D$5:$D$204,A22,Tracker!$N$5:$N$204,"Paid"),"-"))
A23: =IF(Settings!$A$17="","",Settings!$A$17) | B23: =IF(A23="","",COUNTIFS(Tracker!$D$5:$D$204,A23,Tracker!$B$5:$B$204,"<>")) | C23: =IF(A23="","",SUMIFS(Tracker!$I$5:$I$204,Tracker!$D$5:$D$204,A23)) | D23: =IF(A23="","",SUMIFS(Tracker!$K$5:$K$204,Tracker!$D$5:$D$204,A23)) | E23: =IF(A23="","",SUMIFS(Tracker!$M$5:$M$204,Tracker!$D$5:$D$204,A23,Tracker!$N$5:$N$204,"<>Paid")) | F23: =IF(A23="","",SUMIFS(Tracker!$M$5:$M$204,Tracker!$D$5:$D$204,A23,Tracker!$N$5:$N$204,"Overdue")) | G23: =IF(A23="","",COUNTIFS(Tracker!$D$5:$D$204,A23,Tracker!$N$5:$N$204,"Overdue")) | H23: =IF(A23="","",IFERROR(AVERAGEIFS(Tracker!$P$5:$P$204,Tracker!$D$5:$D$204,A23,Tracker!$N$5:$N$204,"Paid"),"-"))
A24: =IF(Settings!$A$18="","",Settings!$A$18) | B24: =IF(A24="","",COUNTIFS(Tracker!$D$5:$D$204,A24,Tracker!$B$5:$B$204,"<>")) | C24: =IF(A24="","",SUMIFS(Tracker!$I$5:$I$204,Tracker!$D$5:$D$204,A24)) | D24: =IF(A24="","",SUMIFS(Tracker!$K$5:$K$204,Tracker!$D$5:$D$204,A24)) | E24: =IF(A24="","",SUMIFS(Tracker!$M$5:$M$204,Tracker!$D$5:$D$204,A24,Tracker!$N$5:$N$204,"<>Paid")) | F24: =IF(A24="","",SUMIFS(Tracker!$M$5:$M$204,Tracker!$D$5:$D$204,A24,Tracker!$N$5:$N$204,"Overdue")) | G24: =IF(A24="","",COUNTIFS(Tracker!$D$5:$D$204,A24,Tracker!$N$5:$N$204,"Overdue")) | H24: =IF(A24="","",IFERROR(AVERAGEIFS(Tracker!$P$5:$P$204,Tracker!$D$5:$D$204,A24,Tracker!$N$5:$N$204,"Paid"),"-"))
A25: =IF(Settings!$A$19="","",Settings!$A$19) | B25: =IF(A25="","",COUNTIFS(Tracker!$D$5:$D$204,A25,Tracker!$B$5:$B$204,"<>")) | C25: =IF(A25="","",SUMIFS(Tracker!$I$5:$I$204,Tracker!$D$5:$D$204,A25)) | D25: =IF(A25="","",SUMIFS(Tracker!$K$5:$K$204,Tracker!$D$5:$D$204,A25)) | E25: =IF(A25="","",SUMIFS(Tracker!$M$5:$M$204,Tracker!$D$5:$D$204,A25,Tracker!$N$5:$N$204,"<>Paid")) | F25: =IF(A25="","",SUMIFS(Tracker!$M$5:$M$204,Tracker!$D$5:$D$204,A25,Tracker!$N$5:$N$204,"Overdue")) | G25: =IF(A25="","",COUNTIFS(Tracker!$D$5:$D$204,A25,Tracker!$N$5:$N$204,"Overdue")) | H25: =IF(A25="","",IFERROR(AVERAGEIFS(Tracker!$P$5:$P$204,Tracker!$D$5:$D$204,A25,Tracker!$N$5:$N$204,"Paid"),"-"))
A26: =IF(Settings!$A$20="","",Settings!$A$20) | B26: =IF(A26="","",COUNTIFS(Tracker!$D$5:$D$204,A26,Tracker!$B$5:$B$204,"<>")) | C26: =IF(A26="","",SUMIFS(Tracker!$I$5:$I$204,Tracker!$D$5:$D$204,A26)) | D26: =IF(A26="","",SUMIFS(Tracker!$K$5:$K$204,Tracker!$D$5:$D$204,A26)) | E26: =IF(A26="","",SUMIFS(Tracker!$M$5:$M$204,Tracker!$D$5:$D$204,A26,Tracker!$N$5:$N$204,"<>Paid")) | F26: =IF(A26="","",SUMIFS(Tracker!$M$5:$M$204,Tracker!$D$5:$D$204,A26,Tracker!$N$5:$N$204,"Overdue")) | G26: =IF(A26="","",COUNTIFS(Tracker!$D$5:$D$204,A26,Tracker!$N$5:$N$204,"Overdue")) | H26: =IF(A26="","",IFERROR(AVERAGEIFS(Tracker!$P$5:$P$204,Tracker!$D$5:$D$204,A26,Tracker!$N$5:$N$204,"Paid"),"-"))
A27: =IF(Settings!$A$21="","",Settings!$A$21) | B27: =IF(A27="","",COUNTIFS(Tracker!$D$5:$D$204,A27,Tracker!$B$5:$B$204,"<>")) | C27: =IF(A27="","",SUMIFS(Tracker!$I$5:$I$204,Tracker!$D$5:$D$204,A27)) | D27: =IF(A27="","",SUMIFS(Tracker!$K$5:$K$204,Tracker!$D$5:$D$204,A27)) | E27: =IF(A27="","",SUMIFS(Tracker!$M$5:$M$204,Tracker!$D$5:$D$204,A27,Tracker!$N$5:$N$204,"<>Paid")) | F27: =IF(A27="","",SUMIFS(Tracker!$M$5:$M$204,Tracker!$D$5:$D$204,A27,Tracker!$N$5:$N$204,"Overdue")) | G27: =IF(A27="","",COUNTIFS(Tracker!$D$5:$D$204,A27,Tracker!$N$5:$N$204,"Overdue")) | H27: =IF(A27="","",IFERROR(AVERAGEIFS(Tracker!$P$5:$P$204,Tracker!$D$5:$D$204,A27,Tracker!$N$5:$N$204,"Paid"),"-"))
A28: =IF(Settings!$A$22="","",Settings!$A$22) | B28: =IF(A28="","",COUNTIFS(Tracker!$D$5:$D$204,A28,Tracker!$B$5:$B$204,"<>")) | C28: =IF(A28="","",SUMIFS(Tracker!$I$5:$I$204,Tracker!$D$5:$D$204,A28)) | D28: =IF(A28="","",SUMIFS(Tracker!$K$5:$K$204,Tracker!$D$5:$D$204,A28)) | E28: =IF(A28="","",SUMIFS(Tracker!$M$5:$M$204,Tracker!$D$5:$D$204,A28,Tracker!$N$5:$N$204,"<>Paid")) | F28: =IF(A28="","",SUMIFS(Tracker!$M$5:$M$204,Tracker!$D$5:$D$204,A28,Tracker!$N$5:$N$204,"Overdue")) | G28: =IF(A28="","",COUNTIFS(Tracker!$D$5:$D$204,A28,Tracker!$N$5:$N$204,"Overdue")) | H28: =IF(A28="","",IFERROR(AVERAGEIFS(Tracker!$P$5:$P$204,Tracker!$D$5:$D$204,A28,Tracker!$N$5:$N$204,"Paid"),"-"))
A29: =IF(Settings!$A$23="","",Settings!$A$23) | B29: =IF(A29="","",COUNTIFS(Tracker!$D$5:$D$204,A29,Tracker!$B$5:$B$204,"<>")) | C29: =IF(A29="","",SUMIFS(Tracker!$I$5:$I$204,Tracker!$D$5:$D$204,A29)) | D29: =IF(A29="","",SUMIFS(Tracker!$K$5:$K$204,Tracker!$D$5:$D$204,A29)) | E29: =IF(A29="","",SUMIFS(Tracker!$M$5:$M$204,Tracker!$D$5:$D$204,A29,Tracker!$N$5:$N$204,"<>Paid")) | F29: =IF(A29="","",SUMIFS(Tracker!$M$5:$M$204,Tracker!$D$5:$D$204,A29,Tracker!$N$5:$N$204,"Overdue")) | G29: =IF(A29="","",COUNTIFS(Tracker!$D$5:$D$204,A29,Tracker!$N$5:$N$204,"Overdue")) | H29: =IF(A29="","",IFERROR(AVERAGEIFS(Tracker!$P$5:$P$204,Tracker!$D$5:$D$204,A29,Tracker!$N$5:$N$204,"Paid"),"-"))
A30: =IF(Settings!$A$24="","",Settings!$A$24) | B30: =IF(A30="","",COUNTIFS(Tracker!$D$5:$D$204,A30,Tracker!$B$5:$B$204,"<>")) | C30: =IF(A30="","",SUMIFS(Tracker!$I$5:$I$204,Tracker!$D$5:$D$204,A30)) | D30: =IF(A30="","",SUMIFS(Tracker!$K$5:$K$204,Tracker!$D$5:$D$204,A30)) | E30: =IF(A30="","",SUMIFS(Tracker!$M$5:$M$204,Tracker!$D$5:$D$204,A30,Tracker!$N$5:$N$204,"<>Paid")) | F30: =IF(A30="","",SUMIFS(Tracker!$M$5:$M$204,Tracker!$D$5:$D$204,A30,Tracker!$N$5:$N$204,"Overdue")) | G30: =IF(A30="","",COUNTIFS(Tracker!$D$5:$D$204,A30,Tracker!$N$5:$N$204,"Overdue")) | H30: =IF(A30="","",IFERROR(AVERAGEIFS(Tracker!$P$5:$P$204,Tracker!$D$5:$D$204,A30,Tracker!$N$5:$N$204,"Paid"),"-"))
A31: TOTAL | B31: =SUM(B11:B30) -> 4 | C31: =SUM(C11:C30) -> 165000 | D31: =SUM(D11:D30) -> 45000 | E31: =SUM(E11:E30) -> 120000 | F31: =SUM(F11:F30) -> 30000 | G31: =SUM(G11:G30) -> 1 | H31: =IFERROR(AVERAGEIFS(Tracker!$P$5:$P$204,Tracker!$N$5:$N$204,"Paid"),"-") -> 14
A32: Note: the total excludes projects with a blank or unlisted category.

Sheet Settings
A1: Settings — Categories & Payment Terms
A2: Yellow cells are editable. Payment terms = number of days after the project/event date when payment is due.
A4: Category | B4: Payment Terms (days) | C4: Description / Notes | E4: General Settings
A5: Consulting / Advisory | B5: 30 | C5: Strategy, technical advice, retainers | E5: Default payment terms (days) | F5: 30
A6: Event Hosting / Emcee | B6: 15 | C6: Hosting, facilitation, emcee gigs | E6: "Due Soon" warning window (days) | F6: 7
A7: Speaking / Resource Person | B7: 15 | C7: Talks, panels, resource speaker honoraria | E7: Today's date (auto) | F7: =TODAY() -> 46309
A8: Training / Workshop | B8: 30 | C8: Trainings, capacity-building sessions
A9: Research / Writing | B9: 30 | C9: Reports, studies, articles, proposals
A10: Design / Creative | B10: 15 | C10: Layout, graphics, photo/video
A11: Other | B11: 30 | C11: Anything that doesn't fit above
A25: Add more categories in the blank yellow rows above (up to row 24).

Sheet How to Use
A1: How to Use This Tracker
A3: 1. Set up categories | B3: Go to Settings. Edit the category names and the payment terms (days) for each. Example: Speaking = 15 days means payment is due 15 days after the event date.
A4: 2. Log each project/event | B4: In Tracker, fill in a new row: Project/Event, Client, Category (dropdown), Project/Event Date, and Amount Billed.
A5: 3. Special terms (optional) | B5: If a client agreed on different terms, type the days in 'Custom Terms (days)'. This overrides the category's default for that row only.
A6: 4. When you send the invoice | B6: Enter the Invoice Sent Date (for your records).
A7: 5. When you get paid | B7: Enter the Amount Received (running total, if paid in installments) and the Date Paid.
A8: 6. Watch the status | B8: Payment Status updates automatically every day: Not Yet Due → Due Soon → Overdue, or Partially Paid / Paid.
A9: 7. Follow up | B9: Filter the Tracker by Payment Status = Overdue to see who to follow up. Days Left / Overdue shows how late each one is.
A10: 8. Check the Summary | B10: The Summary tab shows totals billed, received, outstanding and overdue — per category and per status.
A11: Colour legend | B11: Yellow cell with blue text = you type here. Grey cell = automatic formula, do not overwrite.
A12: Sample rows | B12: Rows 1–4 in the Tracker are samples marked (SAMPLE). Delete their contents before using.
A13: Status rules | B13: Paid: received ≥ billed. Overdue: today is past the due date and not fully paid. Due Soon: due within the window set in Settings (default 7 days). Partially Paid: some payment, not yet due. Not Yet Due: nothing received, not yet due.
